{
  "인공지능": 0.024583497026397467,
  "심리": 0.02422031953310111,
  "데이터": 0.019215903311357523,
  "재난": 0.0192032931401171,
  "교육": 0.018478940163155707,
  "기술": 0.01760915798582755,
  "스마트폰": 0.01617523596196261,
  "모델": 0.015446279125757674,
  "학습": 0.014991400371323368,
  "시스템": 0.014625289287124232
}